id,event_type,latitude,longitude,endlatitude,endlongitude,address,end_address,event_cause,requires_road_closure,start_datetime,end_datetime,status,authenticated,modified_datetime,map_file,direction,description,veh_type,veh_no,corridor,priority,cargo_material,reason_breakdown,age_of_truck,created_date,route_path,client_id,created_by_id,last_modified_by_id,assigned_to_police_id,citizen_accident_id,comment,police_station,meta_data,kgid,resolved_at_address,resolved_at_latitude,resolved_at_longitude,closed_by_id,closed_datetime,resolved_by_id,resolved_datetime,gba_identifier,zone,junction,resolution_time_mins
FKID000001,unplanned,12.9218755,77.6451585,0.0,0.0,"19th Main Road, Heavie Halcyon, Agara, HSR Layout, Bengaluru, Karnataka. Pin-560102 (India)",,vehicle_breakdown,False,2024-01-30 04:07:24.173+00,,resolved,yes,2024-01-30 04:17:46.828979+00,,,Starting problem,heavy_vehicle,FKN00GL0001,ORR East 1,High,,,,2024-01-30 04:08:22.954979+00:00,,1,FKUSR00002,FKUSR00001,,,,HSR Layout,,FKKG000001,"19th Main Road, Heavie Halcyon, Agara, HSR Layout, Bengaluru, Karnataka. Pin-560102 (India)",12.9218755,77.6451585,,,FKUSR00002,2024-01-30 04:17:46.828355+00:00,,,,9.397889600000001
FKID000061,unplanned,12.9368467,77.6928653,0.0,0.0,"Outer Ring Road, Featherlite The Address, Kadubisanahalli, Bengaluru, Karnataka. Pin-560103 (India)",,vehicle_breakdown,False,2024-01-30 23:05:02.339+00,,resolved,yes,2024-01-30 23:15:33.148666+00,,,Kadubisanahalli toward devarabisnahalli car starting problem,private_car,FKN00GL0023,ORR East 1,High,,,,2024-01-30 23:06:09.103789+00:00,,1,FKUSR00049,FKUSR00001,,,,HAL Old Airport,,FKKG000043,"Outer Ring Road, Featherlite The Address, Kadubisanahalli, Bengaluru, Karnataka. Pin-560103 (India)",12.9368467,77.6928653,,,FKUSR00049,2024-01-30 23:15:33.148168+00:00,,,,9.40073965
FKID000217,unplanned,12.9541849,77.5435568,0.0,0.0,"Mysore Road, Bengaluru Body Builders Junction, New Timber Yard Layout, Bengaluru, Karnataka. Pin-560026 (India)",,vehicle_breakdown,False,2024-02-01 07:13:22.381+00,,resolved,yes,2024-02-01 08:19:36.191985+00,,,Bolt cut,bmtc_bus,FKN00GL0100,Mysore Road,High,,,,2024-02-01 07:14:06.614620+00:00,,1,FKUSR00168,FKUSR00001,,,,Byatarayanapura,,FKKG000162,"Mysore Road, Bengaluru Body Builders Junction, New Timber Yard Layout, Bengaluru, Karnataka. Pin-560026 (India)",12.9541849,77.5435568,,,FKUSR00169,2024-02-01 08:19:36.191479+00:00,,,,65.49294764999999
FKID000257,unplanned,12.8509801,77.6601903,0.0,0.0,"Hewlett Packard Avenue, Velankani Tech Park, Phase 1, Electronic City, Bengaluru, Karnataka. Pin-560100 (India)",,tree_fall,False,2024-03-08 08:01:56.993+00,,resolved,yes,2024-03-08 09:06:04.295889+00,,,ವಟೆರಾ ಜಂಕ್ಷನ್ ಹತ್ತಿರ ಮರ ಬಿದ್ದಿದ್ದು ಒಂದು ಲೈನ್ ನಲ್ಲಿ ವಾಹನಗಳ ಸಂಚಾರ ಇರುತ್ತದೆ ಸರ್,,,Non-corridor,Low,,,,2024-03-08 08:03:28.412934+00:00,,1,FKUSR00199,FKUSR00001,,,,Electronic City,,FKKG000191,"Hewlett Packard Avenue, Velankani Tech Park, Phase 1, Electronic City, Bengaluru, Karnataka. Pin-560100 (India)",12.8509801,77.6601903,,,FKUSR00199,2024-03-08 09:06:04.295189+00:00,,,,62.59803758333333
FKID000303,unplanned,12.9557117,77.6916217,0.0,0.0,"HAL Airport Road, Doddanekundi Circle, Marathahalli, Bengaluru, Karnataka. Pin-560037 (India)",,vehicle_breakdown,False,2024-02-02 19:27:18.371+00,,resolved,yes,2024-02-02 19:54:46.656239+00,,,"Vehicle breakdown due to steering problem , slow movements from sd road to [PERSON] bridge.",truck,FKN00GL0140,Old Airport Road,High,Mixer,Steering problem,25.0,2024-02-02 19:29:49.994641+00:00,,1,FKUSR00232,FKUSR00001,,,,HAL Old Airport,,FKKG000224,"HAL Airport Road, Doddanekundi Circle, Marathahalli, Bengaluru, Karnataka. Pin-560037 (India)",12.9557117,77.6916217,,,FKUSR00232,2024-02-02 19:54:46.655664+00:00,,,,24.944350383333333
FKID000407,unplanned,12.9605694,77.5042779,0.0,0.0,"1st Cross Road, Kengunte Circle, Bengaluru, Karnataka. Pin-560056 (India)",,vehicle_breakdown,False,2024-02-04 05:37:12.522+00,,resolved,yes,2024-02-04 05:54:22.227211+00,,,Vehicle is breakdown due to diesel pipe cut.,bmtc_bus,FKN00GL0204,Non-corridor,Low,,,,2024-02-04 05:39:28.015661+00:00,,1,FKUSR00301,FKUSR00001,,,,Jnanabharathi,,FKKG000293,"1st Cross Road, Kengunte Circle, Bengaluru, Karnataka. Pin-560056 (India)",12.9605694,77.5042779,,,FKUSR00301,2024-02-04 05:54:22.226658+00:00,,,,14.903516616666668
FKID000590,unplanned,12.9567473,77.5342133,0.0,0.0,"Chord Road, RPC Layout, Vijaya Nagar, Bengaluru, Karnataka. Pin-560040 (India)",,vehicle_breakdown,False,2024-02-06 20:52:03.228+00,,resolved,yes,2024-02-06 22:34:40.444761+00,,,stairing problem,bmtc_bus,FKN00GL0285,Mysore Road,High,,,,2024-02-06 20:53:41.977606+00:00,,1,FKUSR00065,FKUSR00001,,,,Chamarajpet,,FKKG000059,"Chord Road, RPC Layout, Vijaya Nagar, Bengaluru, Karnataka. Pin-560040 (India)",12.9567473,77.5342133,,,FKUSR00408,2024-02-06 22:34:40.444157+00:00,,,,100.97444251666667
FKID000745,unplanned,12.9757009,77.5572382,0.0,0.0,"G Narayana Kumar Road, Purva Sunflower, Shankarappa Garden, Magadi Road Area, Bengaluru, Karnataka. Pin-560023 (India)",,vehicle_breakdown,False,2024-02-08 21:42:19.086+00,,resolved,no,2024-02-08 21:50:02.172496+00,,,,bmtc_bus,FKN00GL0368,Magadi Road,High,,,,2024-02-08 21:42:57.683632+00:00,,1,FKUSR00245,FKUSR00245,,,,Magadi Road,,FKKG000237,"G Narayana Kumar Road, Purva Sunflower, Shankarappa Garden, Magadi Road Area, Bengaluru, Karnataka. Pin-560023 (India)",12.9757009,77.5572382,,,FKUSR00245,2024-02-08 21:50:02.171802+00:00,,,,7.074802833333334
FKID001063,unplanned,13.1841605,77.5665142,0.0,0.0,"Unnamed Road, Kempegowda Layout, Adiganahalli, Bengaluru, Karnataka. Pin-560064 (India)",,vehicle_breakdown,False,2024-02-13 06:02:31.092+00,,resolved,yes,2024-02-13 07:25:40.370602+00,,,[LOCATION] main road wheel and axel opp bmtc bus starting problem sir,bmtc_bus,FKN00GL0531,Non-corridor,Low,,,,2024-02-13 06:03:59.241285+00:00,,1,FKUSR00105,FKUSR00001,,,,Yelahanka,,FKKG000099,"Unnamed Road, Kempegowda Layout, Adiganahalli, Bengaluru, Karnataka. Pin-560064 (India)",13.1841605,77.5665142,,,FKUSR00639,2024-02-13 07:25:40.370033+00:00,,,,81.68547913333333
FKID001085,unplanned,13.084527,77.5502631,12.9869959,77.5723341,"1st Cross Road, Prosperhomes Bliss, Aditya Nagar, Chikkabettahalli, Bengaluru, Karnataka. Pin-560097 (India)","3rd Cross Road, RV Shetty Layout, Seshadripuram, Bengaluru, Karnataka. Pin-560020 (India)",vehicle_breakdown,True,2024-02-13 06:53:20.224+00,,resolved,yes,2024-02-13 07:17:21.246167+00,,,,bmtc_bus,FKN00GL0545,Non-corridor,Low,,,,2024-02-13 06:54:05.235725+00:00,,1,FKUSR00647,FKUSR00001,,,,Sheshadripuram,,FKKG000632,"1st Cross Road, Prosperhomes Bliss, Aditya Nagar, Chikkabettahalli, Bengaluru, Karnataka. Pin-560097 (India)",13.084527,77.5502631,,,FKUSR00648,2024-02-13 07:17:21.245616+00:00,,,,23.266831516666667
FKID001257,unplanned,12.900384,77.5858132,0.0,0.0,"24th Main Road, Sri SN Venkatesh Reddy Circle, JP Nagar Phase 6, Bengaluru, Karnataka. Pin-560078 (India)",,vehicle_breakdown,False,2024-02-15 06:56:52.957+00,,resolved,no,2024-02-15 07:02:30.907381+00,,,Off-road,lcv,FKN00GL0634,Non-corridor,Low,,,,2024-02-15 06:57:52.148802+00:00,,1,FKUSR00721,FKUSR00721,,,,J.P. Nagar,,FKKG000705,"24th Main Road, Sri SN Venkatesh Reddy Circle, JP Nagar Phase 6, Bengaluru, Karnataka. Pin-560078 (India)",12.900384,77.5858132,,,FKUSR00721,2024-02-15 07:02:30.906901+00:00,,,,4.645968316666667
FKID001621,unplanned,13.00594,77.5930776,0.0,0.0,"Jayamahal Main Road, Munireddypalya, JC Nagar, Bengaluru, Karnataka. Pin-560006 (India)",,vehicle_breakdown,False,2024-02-20 02:16:45.55+00,,resolved,yes,2024-02-20 04:07:13.466177+00,,,bus gyare not working sir shivanna circle towards controment,bmtc_bus,FKN00GL0842,Non-corridor,Low,,,,2024-02-20 02:18:00.905280+00:00,,1,FKUSR00862,FKUSR00001,,,,R.T. Nagar,,FKKG000842,"Jayamahal Main Road, Munireddypalya, JC Nagar, Bengaluru, Karnataka. Pin-560006 (India)",13.00594,77.5930776,,,FKUSR00862,2024-02-20 04:07:13.465600+00:00,,,,109.20933866666665
FKID002096,unplanned,12.9433634,77.5778127,,,"Church Road, Madhav Rao Circle, Basavanagudi, Bengaluru, Karnataka. Pin-560004 (India)",,accident,False,2024-02-27 21:07:10.87296+00,,resolved,yes,2024-02-27 21:50:50.466847+00,,,,,,Non-corridor,Low,,,,2024-02-27 21:19:44.659895+00:00,,1,FKUSR00995,FKUSR00001,FKUSR00995,FKUSR00996,,Basavanagudi,,,"Church Road, Madhav Rao Circle, Basavanagudi, Bengaluru, Karnataka. Pin-560004 (India)",12.9433634,77.5778127,,,FKUSR00995,2024-02-27 21:50:50.466235+00:00,,,,31.096772333333334
FKID002240,unplanned,13.2572966,77.7126622,0.0,0.0,"Devanahalli Bypass, Sri Kanakadasa Circle, Devanahalli, Karnataka. Pin-562110 (India)",,vehicle_breakdown,False,2024-02-29 19:36:21.229+00,,resolved,yes,2024-02-29 20:17:47.646163+00,,,,heavy_vehicle,FKN00GL1209,Non-corridor,Low,,,,2024-02-29 19:37:21.444766+00:00,,1,FKUSR00385,FKUSR00001,,,,Devanahalli Airport,,FKKG000375,"Devanahalli Bypass, Sri Kanakadasa Circle, Devanahalli, Karnataka. Pin-562110 (India)",13.2572966,77.7126622,,,FKUSR00385,2024-02-29 20:17:47.645526+00:00,,,,40.43667933333334
FKID002466,unplanned,13.1247059,77.5743002,0.0,0.0,"DVN MD 6, Assetz The Secret Lake, Devanahalli, Bengaluru Rural District, Karnataka. Pin-562110 (India)",,vehicle_breakdown,False,2024-03-21 06:15:17.349+00,,closed,no,2024-03-21 07:10:22.906412+00,,,[LOCATION] to wards yalahanka bmtc bus starting problem sir,bmtc_bus,FKN00GL1335,Non-corridor,Low,,,,2024-03-21 06:16:40.322390+00:00,,1,FKUSR00105,FKUSR00001,,,,Yelahanka,,FKKG000099,"DVN MD 6, Assetz The Secret Lake, Devanahalli, Bengaluru Rural District, Karnataka. Pin-562110 (India)",13.2270939,77.5734009,FKUSR00105,2024-03-21 07:10:22.905834+00,FKUSR01099,2024-03-21 06:43:01.592589+00:00,,,,26.35450331666667
FKID002806,unplanned,12.9944876,77.6180296,0.0,0.0,"Assayee Road, Sham Mansion Apartment, Cox Town, Bengaluru, Karnataka. Pin-560005 (India)",,water_logging,False,2024-03-07 06:25:24.212+00,,resolved,yes,2024-03-07 07:37:33.269207+00,,,ತುಂಬಾ ಮಳೆ ಬಂದಿರುವುದರಿಂದ ಅಸ್ಸಯೇ ಜಂಕ್ಷನ್ ಲ್ಲಿ ತಾತ್ಕಾಲಿಕ ವಾಗಿ ವಾಟರ್ ಲಾಗಿಂಗ್ ಆಗಿದೆ,,,Non-corridor,Low,,,,2024-03-07 06:28:05.396127+00:00,,1,FKUSR01180,FKUSR00001,,,,Pulikeshinagar(F.Town),,FKKG001140,"Assayee Road, Sham Mansion Apartment, Cox Town, Bengaluru, Karnataka. Pin-560005 (India)",12.9944876,77.6180296,,,FKUSR01180,2024-03-07 07:37:33.268666+00:00,,,,69.46454231666667
FKID002867,unplanned,12.974343,77.5512833,12.9742021,77.5518789,"G Narayana Kumar Road, Police Quarters, Cholurpalya, Bengaluru, Karnataka. Pin-560023 (India)","G Narayana Kumar Road, Mehta Ambience, Manjunatha Nagar, Cholurpalya, Bengaluru, Karnataka. Pin-560023 (India)",others,True,2024-03-07 06:08:32.505+00,,resolved,yes,2024-03-07 06:48:27.107223+00,,,due to fall of cutout infront of [LOCATION] vehicles mevement restricted from Prasanna junction to Prasanna theatre busstop...,,,West of Chord Road,High,,,,2024-03-07 06:12:58.859157+00:00,,1,FKUSR01167,FKUSR00001,,,,Magadi Road,,FKKG001127,"G Narayana Kumar Road, Police Quarters, Cholurpalya, Bengaluru, Karnataka. Pin-560023 (India)",12.974343,77.5512833,,,FKUSR01167,2024-03-07 06:48:27.106646+00:00,,,,35.47079148333333
FKID002939,unplanned,12.9391583,77.5800661,0.0,0.0,"RV Road, Parasmani Regency, Block 2, Jayanagar East, Bengaluru, Karnataka. Pin-560011 (India)",,tree_fall,False,2024-03-07 08:38:27.649+00,,resolved,yes,2024-03-09 07:28:13.447793+00,,,tree falling at [LOCATION] sir. no vehicle damaged sir. traffic one side moving sir..,,,Non-corridor,Low,,,,2024-03-07 08:42:44.091002+00:00,,1,FKUSR00676,FKUSR00001,,,,Basavanagudi,,FKKG000660,"RV Road, Parasmani Regency, Block 2, Jayanagar East, Bengaluru, Karnataka. Pin-560011 (India)",12.9391583,77.5800661,,,FKUSR00313,2024-03-09 07:28:13.447034+00:00,,,,2805.4892672
FKID003221,unplanned,13.184156,77.5666322,0.0,0.0,"Unnamed Road, Kempegowda Layout, Adiganahalli, Bengaluru, Karnataka. Pin-560064 (India)",,vehicle_breakdown,False,2024-03-29 01:05:19.31+00,,resolved,yes,2024-03-29 02:07:31.667399+00,,,BMTC bus  off road mall of [LOCATION] gate offocite,bmtc_bus,FKN00GL1648,Bellary Road 2,High,,,,2024-03-29 01:09:05.181380+00:00,,1,FKUSR00005,FKUSR00001,,,,Kodigehalli,,FKKG000663,"Unnamed Road, Kempegowda Layout, Adiganahalli, Bengaluru, Karnataka. Pin-560064 (India)",13.184156,77.5666322,,,FKUSR00639,2024-03-29 02:07:11.710457+00:00,,,,58.10881795
FKID003323,unplanned,12.9463182,77.6025017,0.0,0.0,"Bannerghatta Main Road, Eramma Layout, Adugodi, Bengaluru, Karnataka. Pin-560030 (India)",,others,False,2024-03-29 21:45:41.038+00,,resolved,yes,2024-03-29 22:43:19.472929+00,,,KMF vehicle park in  mainroad no driver traffic movement slow in bg road near [LOCATION] sir 🙏,,,Non-corridor,Low,,,,2024-03-29 21:47:25.919221+00:00,,1,FKUSR01286,FKUSR00001,,,,Adugodi,,FKKG001246,"Bannerghatta Main Road, Eramma Layout, Adugodi, Bengaluru, Karnataka. Pin-560030 (India)",12.9463182,77.6025017,,,FKUSR01286,2024-03-29 22:43:19.472212+00:00,,,,55.89254985
FKID003446,unplanned,12.8415683,77.644615,0.0,0.0,"Neeladri Road, Himagiri Residency, Bettadasanapura, Bengaluru, Karnataka. Pin-560100 (India)",,pot_holes,False,2024-03-31 04:18:43.684+00,,resolved,yes,2024-04-02 22:33:50.470476+00,,,ದೊಡ್ಡದಾದ ರಸ್ತೆಗುಂಡಿ ಬಿದ್ದಿದ್ದು ಸಂಚಾರವು ನಿಧಾನಗತಿಯಲ್ಲಿ ಸಾಗುತ್ತಿರುತ್ತದೆ ಸರ್,,,Non-corridor,Low,,,,2024-03-31 04:21:50.789563+00:00,,1,FKUSR00199,FKUSR00009,,,,Electronic City,,FKKG000191,"Neeladri Road, Himagiri Residency, Bettadasanapura, Bengaluru, Karnataka. Pin-560100 (India)",12.8415683,77.644615,,,FKUSR00199,2024-04-02 22:33:50.469479+00:00,,,,3971.9946652666667
FKID004160,unplanned,13.1827536,77.5739465,0.0,0.0,"Unnamed Road, T Agrahara, Bengaluru, Karnataka. Pin-562157 (India)",,vehicle_breakdown,False,2023-12-16 20:31:11.475+00,,resolved,yes,2023-12-16 20:57:58.678388+00,,,[PERSON] jam sir,bmtc_bus,FKN00GL2062,Bellary Road 2,High,,,,2023-12-16 20:31:49.649399+00:00,,1,FKUSR00224,FKUSR00001,,,,Kodigehalli,,FKKG000216,"Unnamed Road, T Agrahara, Bengaluru, Karnataka. Pin-562157 (India)",13.1827536,77.5739465,,,FKUSR00639,2023-12-16 20:56:17.198315+00:00,,,,24.4591486
FKID004257,unplanned,12.8713593,77.530622,0.0,0.0,"24th Main Road, Shravanthi Oakridge Villas, Adarsh Layout, Lingadheeranahalli Andhrahalli, Bengaluru, Karnataka. Pin-560109 (India)",,vehicle_breakdown,False,2023-11-29 07:19:36.539+00,,resolved,yes,2023-11-29 08:51:00.996875+00,,,Due to starting problem,bmtc_bus,FKN00GL0075,ORR North 2,High,,,,2023-11-29 07:21:09.788021+00:00,,1,FKUSR00582,FKUSR00001,,,,Jalahalli,,FKKG000570,"24th Main Road, Shravanthi Oakridge Villas, Adarsh Layout, Lingadheeranahalli Andhrahalli, Bengaluru, Karnataka. Pin-560109 (India)",12.8713593,77.530622,,,FKUSR01448,2023-11-29 08:51:00.996253+00:00,Bengaluru South Corporation,South Zone 1,,89.85347053333334
FKID004349,unplanned,12.9658795,77.5049199,0.0,0.0,"Kengeri Main Road, Kengunta, Mallathahalli, Bengaluru, Karnataka. Pin-560056 (India)",,vehicle_breakdown,False,2024-01-06 22:49:07.567+00,,resolved,yes,2024-01-06 23:35:16.044386+00,,,Break down sir,bmtc_bus,FKN00GL2169,Non-corridor,Low,,,,2024-01-06 22:50:31.976864+00:00,,1,FKUSR00767,FKUSR00001,,,,Jnanabharathi,,FKKG000751,"Kengeri Main Road, Kengunta, Mallathahalli, Bengaluru, Karnataka. Pin-560056 (India)",12.9658795,77.5049199,,,FKUSR00169,2024-01-06 23:35:16.043801+00:00,Bengaluru West Corporation,West Zone 1,,44.73444895
FKID004524,unplanned,13.0486094,77.5137389,0.0,0.0,"2nd Main Road, Maleshwaramma Nagar, T Dasarahalli, Bengaluru, Karnataka. Pin-560057 (India)",,vehicle_breakdown,False,2023-12-07 04:34:45.418+00,,resolved,yes,2023-12-07 06:11:31.471763+00,,,NR Road Towards Marcket,bmtc_bus,FKN00GL2257,Mysore Road,High,,,,2023-12-07 04:36:01.126133+00:00,,1,FKUSR00921,FKUSR00001,,,,Halasuru Gate,,FKKG000900,"2nd Main Road, Maleshwaramma Nagar, T Dasarahalli, Bengaluru, Karnataka. Pin-560057 (India)",13.0486094,77.5137389,,,FKUSR01493,2023-12-07 06:11:31.471167+00:00,Bengaluru North Corporation,North Zone 2,,95.50575056666666
FKID004562,unplanned,12.9621653,77.5642902,0.0,0.0,"Mysore Road, Sirsi Circle, Chamarajpet, Bengaluru, Karnataka. Pin-560018 (India)",,vehicle_breakdown,False,2023-12-07 22:19:56.906+00,,closed,no,2023-12-07 23:22:15.840667+00,,,Traffic no problem side alli ide,bmtc_bus,FKN00GL2278,Mysore Road,High,,,,2023-12-07 22:20:58.502666+00:00,,1,FKUSR00430,FKUSR00001,,,,Chamarajpet,,FKKG000419,"Mysore Road, Sirsi Circle, Chamarajpet, Bengaluru, Karnataka. Pin-560018 (India)",12.9615351,77.5621059,FKUSR00430,2023-12-07 23:22:15.840098+00,FKUSR00408,2023-12-07 23:13:16.632842+00:00,Bengaluru Central Corporation,Central Zone 2,,52.3021696
FKID004612,unplanned,12.9039683,77.5105667,0.0,0.0,"Dr Vishnuvardhan Main Road, Kanakadas Circle, Gaanakallu, Bengaluru, Karnataka. Pin-560060 (India)",,vehicle_breakdown,False,2023-11-17 20:22:41.42+00,,closed,yes,2023-11-17 21:02:18.134108+00,,,Gear rod cutt thats while traffic slow moveing,bmtc_bus,FKN00GL2305,Non-corridor,Low,,,,2023-11-17 20:24:14.075127+00:00,,1,FKUSR01509,FKUSR00001,,,,Kengeri,,FKKG001441,"Dr Vishnuvardhan Main Road, Kanakadas Circle, Gaanakallu, Bengaluru, Karnataka. Pin-560060 (India)",12.9042379,77.5111455,FKUSR01509,2023-11-17 21:02:18.133554+00,FKUSR01509,2023-11-17 21:01:58.649989+00:00,Bengaluru West Corporation,West Zone 1,,37.74291436666667
FKID004731,unplanned,13.0845542,77.5501542,0.0,0.0,"1st Cross Road, Prosperhomes Bliss, Aditya Nagar, Chikkabettahalli, Bengaluru, Karnataka. Pin-560097 (India)",,vehicle_breakdown,False,2023-11-21 08:29:29.201+00,,resolved,yes,2023-11-21 10:01:52.803894+00,,,Joint cut problem sir,bmtc_bus,FKN00GL2363,Non-corridor,Low,,,,2023-11-21 08:30:18.784870+00:00,,1,FKUSR00458,FKUSR00001,,,,Yeshwanthpura,,FKKG000447,"1st Cross Road, Prosperhomes Bliss, Aditya Nagar, Chikkabettahalli, Bengaluru, Karnataka. Pin-560097 (India)",13.0845542,77.5501542,,,FKUSR00648,2023-11-21 10:01:52.803351+00:00,Bengaluru North Corporation,North Zone 2,,91.56697468333333
FKID004764,unplanned,13.0486085,77.513748,0.0,0.0,"2nd Main Road, Maleshwaramma Nagar, T Dasarahalli, Bengaluru, Karnataka. Pin-560057 (India)",,vehicle_breakdown,False,2023-11-22 08:53:45.376+00,,resolved,yes,2023-11-22 09:06:38.016344+00,,,Slow movements,bmtc_bus,FKN00GL2380,Non-corridor,Low,,,,2023-11-22 08:55:50.659354+00:00,,1,FKUSR00326,FKUSR00001,,,,K.S. Layout,,FKKG000318,"2nd Main Road, Maleshwaramma Nagar, T Dasarahalli, Bengaluru, Karnataka. Pin-560057 (India)",13.0486085,77.513748,,,FKUSR01493,2023-11-22 09:06:38.015850+00:00,Bengaluru North Corporation,North Zone 2,,10.789274933333333
FKID004808,unplanned,13.0002741,77.5840717,0.0,0.0,"Unnamed Road, T Agrahara, Bengaluru, Karnataka. Pin-562157 (India)",,vehicle_breakdown,False,2023-11-23 07:55:36.229+00,,closed,yes,2023-12-03 06:37:48.662052+00,,,Front wheel damaged,bmtc_bus,FKN00GL2401,Bellary Road 1,High,,,,2023-11-23 07:56:49.370718+00:00,,1,FKUSR01539,FKUSR00001,,,,Sadashivanagar,,FKKG001463,"Unnamed Road, T Agrahara, Bengaluru, Karnataka. Pin-562157 (India)",13.1827552,77.5739453,FKUSR01539,2023-12-03 06:37:43.321472+00,FKUSR00639,2023-11-23 09:26:33.284882+00:00,Bengaluru West Corporation,West Zone 2,,89.73190273333333
FKID004862,unplanned,13.1843296,77.5664982,0.0,0.0,"Unnamed Road, AV Puram, Adde Vishwanathapura, Bengaluru, Karnataka. Pin-562157 (India)",,vehicle_breakdown,False,2023-11-26 01:26:47.426+00,,resolved,yes,2023-11-26 02:46:00.852939+00,,,BMTC breakdown at near [LOCATION] traffic police station RMZ mall due to tirebrust sir,bmtc_bus,FKN00GL2432,Bellary Road 2,High,,,,2023-11-26 01:41:39.696192+00:00,,1,FKUSR00296,FKUSR00001,,,,Yelahanka,,FKKG000288,"Unnamed Road, AV Puram, Adde Vishwanathapura, Bengaluru, Karnataka. Pin-562157 (India)",13.1843296,77.5664982,,,FKUSR00639,2023-11-26 02:46:00.852433+00:00,,,,64.35260401666667
FKID004952,unplanned,12.8469493,77.672515,0.0,0.0,"Electronics City Phase 2 Road, Abbaiah Reddy Layout, Electronic City, Bengaluru, Karnataka. Pin-560100 (India)",,vehicle_breakdown,False,2024-01-13 05:09:11.633+00,,resolved,yes,2024-01-13 21:29:18.66707+00,,,ನಮಸ್ಕಾರ ಮೇಡಂ ದೇವರ ಬಿಸ್ನಳ್ಳಿ  ಜಂಕ್ಷನ್ ನಿಂದ ಕಾಡ ಬಿಚನಹಳ್ಳಿ ಜಂಕ್ಷನ್ ಕಡೆಗೆ [PERSON] ರಸ್ತೆಯಲ್ಲಿ  ಬಿಎಂಟಿಸಿ ಬಸ್ ಬ್ರೇಕ್ ಡೌನ್ ವಾಗಿದೆ ಮೇಡಂ,bmtc_bus,FKN00GL2479,ORR East 1,High,,,,2024-01-13 05:12:09.133897+00:00,,1,FKUSR00198,FKUSR00001,,,,HAL Old Airport,,FKKG000190,"Electronics City Phase 2 Road, Abbaiah Reddy Layout, Electronic City, Bengaluru, Karnataka. Pin-560100 (India)",12.8469493,77.672515,,,FKUSR01564,2024-01-13 21:29:18.666550+00:00,,,,977.15887755
FKID004970,unplanned,13.0895998,77.3908201,0.0,0.0,"Unnamed Road, Indira Nagar, Nelamangala, Karnataka. Pin-562123 (India)",,vehicle_breakdown,False,2024-01-13 06:23:31.54+00,,resolved,no,2024-01-13 06:51:57.660556+00,,,BMTC off-road near sadashivnagar ps junction signal sir stock 15 towerds sadashivnagar ps junction signal sir [PERSON] idhe sir,bmtc_bus,FKN00GL2490,Non-corridor,Low,,,,2024-01-13 06:27:51.151600+00:00,,1,FKUSR01475,FKUSR00001,,,,Sadashivanagar,,FKKG001413,"Unnamed Road, Indira Nagar, Nelamangala, Karnataka. Pin-562123 (India)",13.0895998,77.3908201,FKUSR01475,2024-01-13 06:49:19.03461+00,FKUSR01566,2024-01-13 06:51:57.660020+00:00,,,,24.108473666666665
FKID005039,unplanned,12.9374294,77.4716733,12.93743,77.4716731,"Dhananayakanahalli Main Road, Ramasandra South Taluka, Bengaluru, Karnataka. Pin-560060 (India)","Dhananayakanahalli Main Road, Ramasandra South Taluka, Bengaluru, Karnataka. Pin-560060 (India)",accident,True,2024-01-26 23:50:10.030182+00,,resolved,yes,2024-01-27 01:11:54.451007+00,,,Cobra 1 attended,,,Non-corridor,Low,,,,2024-01-27 00:31:46.321600+00:00,,1,FKUSR00188,FKUSR00188,FKUSR00188,FKUSR01573,,Jnanabharathi,,,"Dhananayakanahalli Main Road, Ramasandra South Taluka, Bengaluru, Karnataka. Pin-560060 (India)",12.9374294,77.4716733,,,FKUSR00188,2024-01-27 01:11:54.450519+00:00,,,,40.135481983333335
FKID005041,unplanned,12.9374302,77.4716732,,,"Dhananayakanahalli Main Road, Ramasandra South Taluka, Bengaluru, Karnataka. Pin-560060 (India)",,accident,False,2024-01-26 23:55:27.357722+00,,resolved,yes,2024-01-27 01:09:13.315247+00,,,Attended cobra 2,,,Non-corridor,Low,,,,2024-01-27 00:31:37.123709+00:00,,1,FKUSR00188,FKUSR00188,FKUSR00188,FKUSR01575,,Jnanabharathi,,,"Dhananayakanahalli Main Road, Ramasandra South Taluka, Bengaluru, Karnataka. Pin-560060 (India)",12.9374302,77.4716732,,,FKUSR00188,2024-01-27 01:09:13.314752+00:00,,,,37.603184049999996
FKID005200,unplanned,13.07549,77.5469283,0.0,0.0,"Hesarghatta Road, GK Muniappa Gardens, Singapura, Bengaluru, Karnataka. Pin-560097 (India)",,vehicle_breakdown,False,2023-11-10 06:06:31.253+00,,resolved,yes,2023-11-10 07:21:41.463901+00,,,ನಮಸ್ತೆ ಸರ್ ನಾಗವಾರ ಟುವರ್ಡ್ ತಣಿಸಂದ್ರ ಹೋಗುವ ಮಾರ್ಗದಲ್ಲಿ ಬಿ ಎಂ [PERSON] ಸಿ ಬಸ್ ಆಫ್ ರೋಡ್ ಆಗಿರುತ್ತದೆ ಸೈಡಲ್ಲಿ ಇದ್ದು ಒಂದು ಆಗುತ್ತದೆ ಮೆಕಾನಿಕ್ [LOCATION] ಆದಷ್ಟು ಬೇಗ ರಿಮೋವ್ ಮಾಡಿಸುತ್ತೇನೆ ಸರ್,bmtc_bus,FKN00GL2607,Hennur Main Road,High,,,,2023-11-10 06:07:38.927081+00:00,,1,FKUSR00310,FKUSR00001,,,,Hennuru,,FKKG000302,"Hesarghatta Road, GK Muniappa Gardens, Singapura, Bengaluru, Karnataka. Pin-560097 (India)",13.07549,77.5469283,,,FKUSR01595,2023-11-10 07:21:41.463359+00:00,Bengaluru North Corporation,North Zone 1,,74.0422713
FKID005209,unplanned,12.9097357,77.5365061,0.0,0.0,"19th Cross Road, Poornapragna Housing Society Layout, Kodipur, Bengaluru, Karnataka. Pin-560061 (India)",,vehicle_breakdown,False,2023-11-14 01:30:18.438+00,,resolved,yes,2023-11-14 01:43:30.585442+00,,,[LOCATION] gate to [LOCATION] pillar junction [LOCATION] bus break problem,bmtc_bus,FKN00GL2613,Non-corridor,Low,,,,2023-11-14 01:31:36.518510+00:00,,1,FKUSR01045,FKUSR00009,,,,Wilson Garden,,FKKG001012,"19th Cross Road, Poornapragna Housing Society Layout, Kodipur, Bengaluru, Karnataka. Pin-560061 (India)",12.9097357,77.5365061,,,FKUSR01493,2023-11-14 01:43:30.584801+00:00,Bengaluru South Corporation,South Zone 1,,11.90110485
FKID005253,unplanned,13.0230236,77.6008531,13.0230031,77.6008841,"Dinnur Main Road, Mariappa Garden, RT Nagar, Bengaluru, Karnataka. Pin-560032 (India)","Adi Kabir Ashram Main Road, Mariappa Garden, RT Nagar, Bengaluru, Karnataka. Pin-560032 (India)",others,True,2023-11-28 07:01:34.136+00,,resolved,yes,2023-11-28 07:47:40.352206+00,,,Dinnur main road towards sultanpalya signal [LOCATION],,,Non-corridor,Low,,,,2023-11-28 07:05:07.662370+00:00,,1,FKUSR00958,FKUSR00001,,,,R.T. Nagar,,FKKG000933,"Dinnur Main Road, Mariappa Garden, RT Nagar, Bengaluru, Karnataka. Pin-560032 (India)",13.0230236,77.6008531,,,FKUSR00958,2023-11-28 07:47:40.351623+00:00,Bengaluru North Corporation,North Zone 2,,42.54482088333334
FKID005400,unplanned,13.0199284,77.5006714,0.0,0.0,"1st Cross Road, Kempaiah Garden, Peenya, Bengaluru, Karnataka. Pin-560058 (India)",,vehicle_breakdown,False,2023-12-19 23:16:52.74+00,,resolved,yes,2023-12-20 00:47:49.575841+00,,,BMTC bus punncher at HMT main road near [LOCATION] sir,bmtc_bus,FKN00GL2675,Tumkur Road,High,,,,2023-12-19 23:18:27.389941+00:00,,1,FKUSR00458,FKUSR00001,,,,Yeshwanthpura,,FKKG000447,"1st Cross Road, Kempaiah Garden, Peenya, Bengaluru, Karnataka. Pin-560058 (India)",13.0199284,77.5006714,,,FKUSR01615,2023-12-20 00:47:49.575269+00:00,Bengaluru West Corporation,West Zone 1,,89.36975546666666
FKID005419,unplanned,13.0621794,77.5444587,0.0,0.0,"Hesarghatta Road, Kendriya Vidyalaya 2 Staff Quarters, Jalahalli East, Bengaluru, Karnataka. Pin-560014 (India)",,vehicle_breakdown,False,2023-12-20 22:44:40.86+00,,resolved,yes,2023-12-20 23:29:21.123455+00,,,Off road due to stairing lock,bmtc_bus,FKN00GL1928,Non-corridor,Low,,,,2023-12-20 22:45:28.287449+00:00,,1,FKUSR01357,FKUSR00001,,,,Jalahalli,,FKKG001310,"Hesarghatta Road, Kendriya Vidyalaya 2 Staff Quarters, Jalahalli East, Bengaluru, Karnataka. Pin-560014 (India)",13.0621794,77.5444587,,,FKUSR00648,2023-12-20 23:29:21.122616+00:00,Bengaluru North Corporation,North Zone 1,,43.88058611666667
FKID005661,unplanned,12.9039965,77.5108461,0.0,0.0,"Dr Vishnuvardhan Main Road, Kanakadas Circle, Gaanakallu, Bengaluru, Karnataka. Pin-560060 (India)",,vehicle_breakdown,False,2024-01-10 02:31:56.364+00,,resolved,yes,2024-01-10 03:39:02.653969+00,,,Vehicle wheel jam,bmtc_bus,FKN00GL0599,Non-corridor,Low,,,,2024-01-10 02:34:52.357050+00:00,,1,FKUSR01627,FKUSR00001,,,,Kengeri,,FKKG001527,"Dr Vishnuvardhan Main Road, Kanakadas Circle, Gaanakallu, Bengaluru, Karnataka. Pin-560060 (India)",12.9039965,77.5108461,,,FKUSR01627,2024-01-10 03:38:48.664553+00:00,Bengaluru West Corporation,West Zone 1,,63.938458383333334
FKID005828,unplanned,12.9573967,77.55177,12.9222675,77.5736091,"Mysore Road, PMM Compound, Old Guddadahalli, Bengaluru, Karnataka. Pin-560026 (India)","16th Cross Road, Jains Prakruthi, Block 7, Jayanagar, Bengaluru, Karnataka. Pin-560070 (India)",vehicle_breakdown,True,2023-11-11 21:31:53.606+00,,resolved,yes,2023-11-11 22:24:59.837147+00,,,BMTC [VEHICLE] Bus Break Down  Near KR Juction  ..,bmtc_bus,FKN00GL2864,Mysore Road,Low,,,,2023-11-11 21:33:42.980700+00:00,,1,FKUSR01660,FKUSR00001,,,,Banashankari,,FKKG001552,"Mysore Road, PMM Compound, Old Guddadahalli, Bengaluru, Karnataka. Pin-560026 (India)",12.9573967,77.55177,,,FKUSR01661,2023-11-11 22:24:59.836603+00:00,Bengaluru Central Corporation,Central Zone 2,toll gate mysore road,51.28093171666667
FKID005845,unplanned,13.0175906,77.555508,0.0,0.0,"Yeshwanthpura TTMC Bus Stand Road, Salarpuria Satva Luxuria, Malleshwaram West, Bengaluru, Karnataka. Pin-560055 (India)",,vehicle_breakdown,False,2023-11-12 05:22:00.746+00,,resolved,yes,2023-11-12 06:20:21.51616+00,,,Break problem sir CMTI junction towards goraguntepalya traffic no problem sir,bmtc_bus,FKN00GL2875,Tumkur Road,High,,,,2023-11-12 05:22:54.251470+00:00,,1,FKUSR00440,FKUSR00001,,,,Yeshwanthpura,,FKKG000429,"Yeshwanthpura TTMC Bus Stand Road, Salarpuria Satva Luxuria, Malleshwaram West, Bengaluru, Karnataka. Pin-560055 (India)",13.0175906,77.555508,,,FKUSR01665,2023-11-12 06:20:21.515667+00:00,Bengaluru West Corporation,West Zone 2,YeshwanthpuraCircle,57.454403283333335
FKID005976,unplanned,12.9798234,77.5727234,0.0,0.0,"Dhanvanthri Road, Ayurvedic Hospital Junction, Gandhi Nagar, Bengaluru, Karnataka. Pin-560009 (India)",,others,False,2023-11-16 20:06:19.686+00,,resolved,yes,2023-11-16 21:01:03.846879+00,,,ಬಸ್ ನ ಡೀಸೆಲ್ ಟ್ಯಾಂಕ್   ಕೆಳಗೆ ಬಿದ್ದು ವಾಹನವು ಆಫ್ ರೋಡ್ ಆಗಿರುತ್ತದೆ,,,Non-corridor,Low,,,,2023-11-16 20:12:26.281128+00:00,,1,FKUSR00441,FKUSR00001,,,,Upparpet,,FKKG000430,"Dhanvanthri Road, Ayurvedic Hospital Junction, Gandhi Nagar, Bengaluru, Karnataka. Pin-560009 (India)",12.9798234,77.5727234,,,FKUSR00441,2023-11-16 21:01:03.846350+00:00,Bengaluru Central Corporation,Central Zone 2,KhodaysCircle(DV UrsCircle),48.626087033333334
FKID005989,unplanned,12.9550664,77.5957899,0.0,0.0,"BTS Bus Depot Road, Lakshmiamma Garden, Shanti Nagar, Bengaluru, Karnataka. Pin-560027 (India)",,vehicle_breakdown,False,2023-11-16 23:02:44+00,,resolved,yes,2023-11-17 00:57:42.363607+00,,,Gear problem,bmtc_bus,FKN00GL2953,Non-corridor,Low,,,,2023-11-16 23:03:27.845948+00:00,,1,FKUSR00647,FKUSR00001,,,,Malleshwaram,,FKKG000632,"BTS Bus Depot Road, Lakshmiamma Garden, Shanti Nagar, Bengaluru, Karnataka. Pin-560027 (India)",12.9550664,77.5957899,,,FKUSR00648,2023-11-17 00:57:42.363071+00:00,Bengaluru Central Corporation,Central Zone 1,BMTCJunction-K H Road,114.24195205
FKID005990,unplanned,12.9568493,77.596148,0.0,0.0,"Nanjappa Road, Lakshmiamma Garden, Shanti Nagar, Bengaluru, Karnataka. Pin-560027 (India)",,vehicle_breakdown,False,2023-11-16 23:03:49.512+00,,resolved,yes,2023-11-17 00:48:54.689903+00,,,,bmtc_bus,FKN00GL2953,Non-corridor,Low,,,,2023-11-16 23:04:34.753766+00:00,,1,FKUSR00647,FKUSR00001,,,,Malleshwaram,,FKKG000632,"Nanjappa Road, Lakshmiamma Garden, Shanti Nagar, Bengaluru, Karnataka. Pin-560027 (India)",12.9568493,77.596148,,,FKUSR01615,2023-11-17 00:48:54.689361+00:00,Bengaluru Central Corporation,Central Zone 1,BMTCJunction-K H Road,104.33225991666667
FKID006012,unplanned,13.0185739,77.5554486,0.0,0.0,"Yeshwanthpura TTMC Bus Stand Road, Yeshwanthapura Circle, Yeshwanthpur, Bengaluru, Karnataka. Pin-560022 (India)",,vehicle_breakdown,False,2023-11-17 21:31:31.276+00,,resolved,yes,2023-11-17 23:15:33.467177+00,,,,bmtc_bus,FKN00GL2966,Magadi Road,High,,,,2023-11-17 21:32:33.422885+00:00,,1,FKUSR00987,FKUSR00001,,,,Magadi Road,,FKKG000960,"Yeshwanthpura TTMC Bus Stand Road, Yeshwanthapura Circle, Yeshwanthpur, Bengaluru, Karnataka. Pin-560022 (India)",13.0185739,77.5554486,,,FKUSR01566,2023-11-17 23:15:33.466609+00:00,Bengaluru West Corporation,West Zone 2,YeshwanthpuraCircle,103.00072873333333
FKID006028,unplanned,13.0976265,77.5918504,0.0,0.0,"Dodda Ballapur Main Road, LBS Nagar, Yelahanka, Bengaluru, Karnataka. Pin-560064 (India)",,vehicle_breakdown,False,2023-11-18 04:36:41.962+00,,resolved,yes,2023-11-18 05:08:59.236114+00,,,starting problem,bmtc_bus,FKN00GL2974,Bellary Road 1,High,,,,2023-11-18 04:37:34.434359+00:00,,1,FKUSR00693,FKUSR00001,,,,Kodigehalli,,FKKG000677,"Dodda Ballapur Main Road, LBS Nagar, Yelahanka, Bengaluru, Karnataka. Pin-560064 (India)",13.0976265,77.5918504,,,FKUSR01595,2023-11-18 05:08:59.235488+00:00,Bengaluru North Corporation,North Zone 2,YelhankaCircle,31.413352149999998
FKID006178,unplanned,13.018281,77.5556398,0.0,0.0,"Yeshwanthpura TTMC Bus Stand Road, Yeshwanthapura Circle, Yeshwanthpur, Bengaluru, Karnataka. Pin-560022 (India)",,vehicle_breakdown,False,2023-11-23 02:28:06.583+00,,resolved,yes,2023-11-23 03:23:04.693069+00,,,Jakkur aerodrome on flyover towards airport due to tirebrust traffic no problem sir,bmtc_bus,FKN00GL3069,Bellary Road 2,High,,,,2023-11-23 02:28:42.422271+00:00,,1,FKUSR00296,FKUSR00001,,,,Yelahanka,,FKKG000288,"Yeshwanthpura TTMC Bus Stand Road, Yeshwanthapura Circle, Yeshwanthpur, Bengaluru, Karnataka. Pin-560022 (India)",13.018281,77.5556398,,,FKUSR00639,2023-11-23 03:23:04.692551+00:00,Bengaluru West Corporation,West Zone 2,YeshwanthpuraCircle,54.371171333333336
FKID006188,unplanned,12.9589941,77.527017,0.0,0.0,"2nd A Main Road, Phase 1, Chandra Layout Stage 2, Bengaluru, Karnataka. Pin-560040 (India)",,vehicle_breakdown,False,2023-11-23 22:24:13.948+00,,resolved,yes,2023-11-24 00:11:02.899942+00,,,Traffic movement slow,bmtc_bus,FKN00GL3077,West of Chord Road,High,,,,2023-11-23 22:27:17.352587+00:00,,1,FKUSR00671,FKUSR00001,,,,Byatarayanapura,,FKKG000655,"2nd A Main Road, Phase 1, Chandra Layout Stage 2, Bengaluru, Karnataka. Pin-560040 (India)",12.9589941,77.527017,,,FKUSR01724,2023-11-24 00:11:02.899427+00:00,Bengaluru West Corporation,West Zone 2,ChandraLayoutJunc-nearWaterTank,103.759114
FKID006307,unplanned,12.989235,77.5503267,0.0,0.0,"Chord Road, Birangi Palya, Shiva Nagar, Rajaji Nagar, Bengaluru, Karnataka. Pin-560010 (India)",,vehicle_breakdown,False,2023-11-28 23:32:15.147+00,,resolved,yes,2023-11-29 00:25:39.014852+00,,,Airpipe cut aagiruttade sir,bmtc_bus,FKN00GL3154,West of Chord Road,High,,,,2023-11-28 23:34:24.182292+00:00,,1,FKUSR00484,FKUSR00001,,,,Vijayanagara,,FKKG000473,"Chord Road, Birangi Palya, Shiva Nagar, Rajaji Nagar, Bengaluru, Karnataka. Pin-560010 (India)",12.989235,77.5503267,,,FKUSR00484,2023-11-29 00:25:39.014309+00:00,Bengaluru West Corporation,West Zone 2,ShivanahalliJunctionWOC,51.247200283333335
FKID006424,unplanned,12.9657332,77.5747475,0.0,0.0,"Police Road, Old Tharagupete, Chickpete, Bengaluru, Karnataka. Pin-560002 (India)",,vehicle_breakdown,False,2023-12-02 20:31:16.613+00,,resolved,yes,2023-12-02 21:00:03.903588+00,,,bmtc bus break down sir informed to concern buss dipo sir Driver name is [PERSON] no 11 mobile no is [PHONE],bmtc_bus,FKN00GL0524,Mysore Road,High,,,,2023-12-02 20:35:35.818415+00:00,,1,FKUSR01757,FKUSR00009,,,,City Market,,FKKG001642,"Police Road, Old Tharagupete, Chickpete, Bengaluru, Karnataka. Pin-560002 (India)",12.9657332,77.5747475,,,FKUSR00408,2023-12-02 21:00:03.902984+00:00,Bengaluru Central Corporation,Central Zone 2,A S CharStreet-MysoreRdJunc,24.46807615
FKID006478,unplanned,13.0185251,77.555344,0.0,0.0,"Yeshwanthpura TTMC Bus Stand Road, Yeshwanthapura Circle, Yeshwanthpur, Bengaluru, Karnataka. Pin-560022 (India)",,vehicle_breakdown,False,2023-12-04 06:29:29.168+00,,resolved,yes,2023-12-04 08:06:10.900067+00,,,BMTC bus breakdown,bmtc_bus,FKN00GL3266,Tumkur Road,Low,,,,2023-12-04 06:31:53.572736+00:00,,1,FKUSR01766,FKUSR00001,,,,Jnanabharathi,,FKKG001651,"Yeshwanthpura TTMC Bus Stand Road, Yeshwanthapura Circle, Yeshwanthpur, Bengaluru, Karnataka. Pin-560022 (India)",13.0185251,77.555344,,,FKUSR01566,2023-12-04 08:06:10.899388+00:00,Bengaluru West Corporation,West Zone 2,TumkurRdMarappanapalyaJunc,94.28877753333333
FKID006508,unplanned,12.953135,77.543355,0.0,0.0,"Mysore Road, Satellite Bus Stand Junction, New Timber Yard Layout, Bengaluru, Karnataka. Pin-560026 (India)",,vehicle_breakdown,False,2023-12-05 21:24:50.286+00,,resolved,yes,2023-12-05 22:33:59.950724+00,,,Electric BMTC Bus battery low prablem,bmtc_bus,FKN00GL3283,Mysore Road,Low,,,,2023-12-05 21:28:35.407879+00:00,,1,FKUSR00646,FKUSR00001,,,,High ground,,FKKG000631,"Mysore Road, Satellite Bus Stand Junction, New Timber Yard Layout, Bengaluru, Karnataka. Pin-560026 (India)",12.953135,77.543355,,,FKUSR00169,2023-12-05 22:33:59.949891+00:00,Bengaluru West Corporation,West Zone 2,SatteliteBusStandJunc,65.40903353333333
FKID006531,unplanned,12.9437231,77.5679238,0.0,0.0,"Bull Temple Road, Dhondusa Layout, Basavanagudi, Bengaluru, Karnataka. Pin-560004 (India)",,vehicle_breakdown,False,2023-12-06 04:39:57.286+00,,resolved,yes,2023-12-06 05:58:29.602548+00,,,,bmtc_bus,FKN00GL1579,Non-corridor,Low,,,,2023-12-06 04:41:22.544845+00:00,,1,FKUSR00097,FKUSR00001,,,,Basavanagudi,,FKKG000091,"Bull Temple Road, Dhondusa Layout, Basavanagudi, Bengaluru, Karnataka. Pin-560004 (India)",12.9437231,77.5679238,,,FKUSR00169,2023-12-06 05:58:29.601766+00:00,Bengaluru Central Corporation,Central Zone 2,HalliThindi,77.11761535000001
FKID006569,unplanned,13.0179155,77.5563817,0.0,0.0,"Yeshwanthpura TTMC Bus Stand Road, Salarpuria Satva Luxuria, Malleshwaram West, Bengaluru, Karnataka. Pin-560055 (India)",,vehicle_breakdown,False,2023-12-07 04:19:18.378+00,,resolved,yes,2023-12-07 05:21:26.607771+00,,,Traffic slow movement,bmtc_bus,FKN00GL3319,CBD 2,High,,,,2023-12-07 04:20:29.610603+00:00,,1,FKUSR01781,FKUSR00001,,,,Shivajinagar,,FKKG001667,"Yeshwanthpura TTMC Bus Stand Road, Salarpuria Satva Luxuria, Malleshwaram West, Bengaluru, Karnataka. Pin-560055 (India)",13.0179155,77.5563817,,,FKUSR01665,2023-12-07 05:21:26.606945+00:00,Bengaluru West Corporation,West Zone 2,YeshwanthpuraCircle,60.94993903333333
FKID006570,unplanned,13.0178929,77.5562632,0.0,0.0,"Yeshwanthpura TTMC Bus Stand Road, Salarpuria Satva Luxuria, Malleshwaram West, Bengaluru, Karnataka. Pin-560055 (India)",,vehicle_breakdown,False,2023-12-07 04:20:49.585+00,,resolved,yes,2023-12-07 05:21:07.272275+00,,,Traffic slow movement,bmtc_bus,FKN00GL3319,CBD 2,High,,,,2023-12-07 04:21:42.969594+00:00,,1,FKUSR01781,FKUSR00001,,,,Shivajinagar,,FKKG001667,"Yeshwanthpura TTMC Bus Stand Road, Salarpuria Satva Luxuria, Malleshwaram West, Bengaluru, Karnataka. Pin-560055 (India)",13.0178929,77.5562632,,,FKUSR01665,2023-12-07 05:21:07.271724+00:00,Bengaluru West Corporation,West Zone 2,YeshwanthpuraCircle,59.405035500000004
FKID006575,unplanned,13.0176661,77.5560062,0.0,0.0,"Yeshwanthpura TTMC Bus Stand Road, Salarpuria Satva Luxuria, Malleshwaram West, Bengaluru, Karnataka. Pin-560055 (India)",,vehicle_breakdown,False,2023-12-07 04:47:53.659+00,,resolved,yes,2023-12-07 05:20:51.56786+00,,,Bmtc bus off road near [LOCATION] junction ಸರ್ 🙏🏼,bmtc_bus,FKN00GL3319,CBD 2,High,,,,2023-12-07 04:48:48.699800+00:00,,1,FKUSR00092,FKUSR00001,,,,Shivajinagar,,FKKG000086,"Yeshwanthpura TTMC Bus Stand Road, Salarpuria Satva Luxuria, Malleshwaram West, Bengaluru, Karnataka. Pin-560055 (India)",13.0176661,77.5560062,,,FKUSR01665,2023-12-07 05:20:51.567384+00:00,Bengaluru West Corporation,West Zone 2,YeshwanthpuraCircle,32.04779306666667
FKID006668,unplanned,12.9521802,77.4999403,0.0,0.0,"Kengeri Main Road, Ullal Junction, Jnana Bharathi, Bengaluru, Karnataka. Pin-560056 (India)",,others,False,2023-12-09 23:39:49.421+00,,resolved,yes,2023-12-10 06:00:18.17042+00,,,Bmtc bus off road near [LOCATION] due to technical reasons,,,Non-corridor,Low,,,,2023-12-09 23:42:49.138429+00:00,,1,FKUSR00386,FKUSR00001,,,,Jnanabharathi,,FKKG000376,"Kengeri Main Road, Ullal Junction, Jnana Bharathi, Bengaluru, Karnataka. Pin-560056 (India)",12.9521802,77.4999403,,,FKUSR01793,2023-12-10 06:00:18.169882+00:00,Bengaluru West Corporation,West Zone 1,RingRoad-UllalJunction,377.48385755
FKID006765,unplanned,12.9261816,77.5487883,0.0,0.0,"Dr Rajkumar Puniya Bhoomi Road, Banashankari Stage 3, Bengaluru, Karnataka. Pin-560085 (India)",,vehicle_breakdown,False,2023-12-13 21:55:45.378+00,,resolved,yes,2023-12-13 22:45:49.138239+00,,,,bmtc_bus,FKN00GL0215,ORR West 1,High,,,,2023-12-13 21:57:03.321938+00:00,,1,FKUSR01811,FKUSR00001,,,,Banashankari,,FKKG001695,"Dr Rajkumar Puniya Bhoomi Road, Banashankari Stage 3, Bengaluru, Karnataka. Pin-560085 (India)",12.9261816,77.5487883,,,FKUSR01811,2023-12-13 22:45:49.137596+00:00,Bengaluru West Corporation,West Zone 2,KatriguppeJunction,48.7635943
FKID007053,unplanned,13.0976447,77.5912615,0.0,0.0,"16th A Main Road, LBS Nagar, Yelahanka, Bengaluru, Karnataka. Pin-560064 (India)",,vehicle_breakdown,False,2023-12-20 06:02:24.811+00,,resolved,yes,2023-12-20 06:52:01.931943+00,,,priyadarshini towords jayamahal palace gate Bmtc bus off road . Traffic normal moment,bmtc_bus,FKN00GL2822,Non-corridor,Low,,,,2023-12-20 06:06:37.290407+00:00,,1,FKUSR01843,FKUSR00001,,,,R.T. Nagar,,FKKG001724,"16th A Main Road, LBS Nagar, Yelahanka, Bengaluru, Karnataka. Pin-560064 (India)",13.0976447,77.5912615,,,FKUSR01595,2023-12-20 06:52:01.931358+00:00,Bengaluru North Corporation,North Zone 2,YelhankaCircle,45.41068251666666
FKID007220,unplanned,12.9828272,77.519876,0.0,0.0,"1st Main Road, Sattva Anugraha, Kamakshipalya, Bengaluru, Karnataka. Pin-560079 (India)",,vehicle_breakdown,False,2023-12-26 05:43:57.208+00,,resolved,yes,2023-12-26 08:09:05.91742+00,,,BMTC bus Vacuum down off road at [LOCATION] near sunkadakatte towards ashraya incoming side,bmtc_bus,FKN00GL3654,Magadi Road,High,,,,2023-12-26 05:47:52.789748+00:00,,1,FKUSR00095,FKUSR00001,,,,Kamakshipalya,,FKKG000089,"1st Main Road, Sattva Anugraha, Kamakshipalya, Bengaluru, Karnataka. Pin-560079 (India)",12.9828272,77.519876,,,FKUSR01862,2023-12-26 08:09:05.916884+00:00,Bengaluru West Corporation,West Zone 2,Sumanhalli,141.2187856
FKID007325,unplanned,13.0083456,77.6959659,0.0,0.0,"MBT Road, Devasandra Junction, KR Puram, Bengaluru, Karnataka. Pin-560036 (India)",,vehicle_breakdown,False,2023-12-29 06:42:53.527+00,,resolved,yes,2023-12-29 07:42:32.190414+00,,,ಡೀಸೆಲ್ ಖಾಲಿ ಯಾಗಿದೆ ಸರ್,private_bus,FKN00GL3724,Non-corridor,Low,,,,2023-12-29 06:44:47.712722+00:00,,1,FKUSR00287,FKUSR00001,,,,K.R. Pura,,FKKG000279,"MBT Road, Devasandra Junction, KR Puram, Bengaluru, Karnataka. Pin-560036 (India)",13.0083456,77.6959659,,,FKUSR00287,2023-12-29 07:42:32.189686+00:00,Bengaluru East Corporation,East Zone 2,Devasandra(k r puram),57.741282733333335
FKID007531,unplanned,13.0177861,77.5555791,0.0,0.0,"Yeshwanthpura TTMC Bus Stand Road, Salarpuria Satva Luxuria, Malleshwaram West, Bengaluru, Karnataka. Pin-560055 (India)",,vehicle_breakdown,False,2024-01-06 02:10:42.791+00,,resolved,yes,2024-01-06 02:41:53.661386+00,,,ಕಲ್ಯಾಣ ನಗರ ಸ್ಕೈ ವಾಕ್ ಹತ್ತಿರ ಬಸ್ ಆಫರೋಡ್ ಆಗಿರುತ್ತದೆ.,bmtc_bus,FKN00GL3851,ORR North 1,High,,,,2024-01-06 02:13:37.800593+00:00,,1,FKUSR00908,FKUSR00001,,,,Banaswadi,,FKKG000887,"Yeshwanthpura TTMC Bus Stand Road, Salarpuria Satva Luxuria, Malleshwaram West, Bengaluru, Karnataka. Pin-560055 (India)",13.0177861,77.5555791,,,FKUSR01665,2024-01-06 02:41:53.660710+00:00,Bengaluru West Corporation,West Zone 2,YeshwanthpuraCircle,28.26433528333333
FKID007562,unplanned,12.921751,77.6617091,,,"2nd Main Road, Iblur Village, Bellandur, Bengaluru, Karnataka. Pin-560102 (India)",,accident,False,2024-01-07 00:52:53.583+00,,resolved,yes,2024-01-07 01:27:05.582653+00,,,Send to ps,,,ORR East 1,High,,,,2024-01-07 00:59:43.039573+00:00,,1,FKUSR00125,FKUSR00009,FKUSR00125,FKUSR01914,,Bellandur,,,"2nd Main Road, Iblur Village, Bellandur, Bengaluru, Karnataka. Pin-560102 (India)",12.921751,77.6617091,,,FKUSR00125,2024-01-07 01:27:05.582068+00:00,Bengaluru South Corporation,South Zone 2,IbblurJunction',27.37570825
FKID007563,unplanned,12.9215257,77.661963,,,"1st Cross Road, Iblur Village, Bellandur, Bengaluru, Karnataka. Pin-560102 (India)",,accident,False,2024-01-07 00:51:04.214842+00,,closed,yes,2024-01-07 01:28:01.551326+00,,,,,,ORR East 1,High,,,,2024-01-07 00:59:54.556190+00:00,,1,FKUSR00125,FKUSR00125,FKUSR00125,FKUSR01915,,Bellandur,,,"1st Cross Road, Iblur Village, Bellandur, Bengaluru, Karnataka. Pin-560102 (India)",12.9217874,77.6620551,FKUSR00125,2024-01-07 01:28:00.54658+00,FKUSR00125,2024-01-07 01:27:53.147258+00:00,Bengaluru South Corporation,South Zone 2,IbblurJunction',27.9765178
FKID007754,unplanned,13.0185596,77.5553194,0.0,0.0,"Yeshwanthpura TTMC Bus Stand Road, Yeshwanthapura Circle, Yeshwanthpur, Bengaluru, Karnataka. Pin-560022 (India)",,vehicle_breakdown,False,2024-01-13 22:53:46.557+00,,resolved,yes,2024-01-14 00:00:06.154978+00,,,Rajivgandi cricle bmtc bus of load sir after one over read to go sir,bmtc_bus,FKN00GL3975,Tumkur Road,Low,,,,2024-01-13 22:56:28.549477+00:00,,1,FKUSR00713,FKUSR00001,,,,Sheshadripuram,,FKKG000697,"Yeshwanthpura TTMC Bus Stand Road, Yeshwanthapura Circle, Yeshwanthpur, Bengaluru, Karnataka. Pin-560022 (India)",13.0185596,77.5553194,,,FKUSR01566,2024-01-14 00:00:06.154499+00:00,Bengaluru West Corporation,West Zone 2,TumkurRdMarappanapalyaJunc,63.62675036666667
FKID007810,unplanned,12.98533,77.57461,0.0,0.0,"Risaldar Street, VV Giri Colony, Seshadripuram, Bengaluru, Karnataka. Pin-560020 (India)",,pot_holes,False,2024-01-15 21:01:11.662+00,,resolved,yes,2024-01-22 02:23:53.073654+00,,,Pothole,,,Non-corridor,Low,,,,2024-01-15 21:10:15.302946+00:00,,1,FKUSR01400,FKUSR00001,,,,Sheshadripuram,,FKKG001352,"Risaldar Street, VV Giri Colony, Seshadripuram, Bengaluru, Karnataka. Pin-560020 (India)",12.98533,77.57461,,,FKUSR00533,2024-01-22 02:23:53.072974+00:00,Bengaluru Central Corporation,Central Zone 2,SubedarChatramRd near SheshadripuramPS,8953.629500466666
FKID007851,unplanned,13.0177789,77.5556665,0.0,0.0,"Yeshwanthpura TTMC Bus Stand Road, Salarpuria Satva Luxuria, Malleshwaram West, Bengaluru, Karnataka. Pin-560055 (India)",,vehicle_breakdown,False,2024-01-16 21:37:36.111+00,,resolved,yes,2024-01-16 23:36:43.584047+00,,,[LOCATION] road TV tawar towards CL CQAL cross out going traffic normal movement sir,bmtc_bus,FKN00GL4039,Tumkur Road,Low,,,,2024-01-16 21:40:02.575021+00:00,,1,FKUSR00308,FKUSR00001,,,,Sadashivanagar,,FKKG000300,"Yeshwanthpura TTMC Bus Stand Road, Salarpuria Satva Luxuria, Malleshwaram West, Bengaluru, Karnataka. Pin-560055 (India)",13.0177789,77.5556665,,,FKUSR01665,2024-01-16 23:36:43.583514+00:00,Bengaluru West Corporation,West Zone 2,YeshwanthpuraCircle,116.68347488333333
FKID007852,unplanned,13.0178084,77.5556622,0.0,0.0,"Yeshwanthpura TTMC Bus Stand Road, Salarpuria Satva Luxuria, Malleshwaram West, Bengaluru, Karnataka. Pin-560055 (India)",,vehicle_breakdown,False,2024-01-16 21:40:11.703+00,,resolved,yes,2024-01-16 23:36:57.883072+00,,,[LOCATION] road bmtc bus break down traffic normal movement sir outgoing,bmtc_bus,FKN00GL4039,Tumkur Road,Low,,,,2024-01-16 21:41:08.041783+00:00,,1,FKUSR00308,FKUSR00001,,,,R.T. Nagar,,FKKG000300,"Yeshwanthpura TTMC Bus Stand Road, Salarpuria Satva Luxuria, Malleshwaram West, Bengaluru, Karnataka. Pin-560055 (India)",13.0178084,77.5556622,,,FKUSR01665,2024-01-16 23:36:57.882519+00:00,Bengaluru West Corporation,West Zone 2,YeshwanthpuraCircle,115.83067893333333
FKID007939,unplanned,13.0179008,77.5557282,0.0,0.0,"Yeshwanthpura TTMC Bus Stand Road, Salarpuria Satva Luxuria, Malleshwaram West, Bengaluru, Karnataka. Pin-560055 (India)",,vehicle_breakdown,False,2024-01-19 21:32:04.426+00,,resolved,yes,2024-01-19 22:11:10.814695+00,,,Starting problem sir [LOCATION] PS TOWARDS VEERANA PALYA,bmtc_bus,FKN00GL4093,Bellary Road 1,High,,,,2024-01-19 21:35:18.982527+00:00,,1,FKUSR00026,FKUSR00001,,,,Kodigehalli,,FKKG000022,"Yeshwanthpura TTMC Bus Stand Road, Salarpuria Satva Luxuria, Malleshwaram West, Bengaluru, Karnataka. Pin-560055 (India)",13.0179008,77.5557282,,,FKUSR01665,2024-01-19 22:11:10.814226+00:00,,,YeshwanthpuraCircle,35.86386165
FKID008025,unplanned,12.9516686,77.5369989,0.0,0.0,"1st Main Road, Bhel Circle, Deepanjali Nagar, Bengaluru, Karnataka. Pin-560026 (India)",,vehicle_breakdown,False,2024-01-23 20:44:38.122+00,,resolved,yes,2024-01-23 22:59:30.125819+00,,,gear problem,bmtc_bus,FKN00GL2305,Mysore Road,High,,,,2024-01-23 20:46:07.706182+00:00,,1,FKUSR00065,FKUSR00001,,,,Chamarajpet,,FKKG000059,"1st Main Road, Bhel Circle, Deepanjali Nagar, Bengaluru, Karnataka. Pin-560026 (India)",12.9516686,77.5369989,,,FKUSR00408,2024-01-23 22:59:30.125207+00:00,,,KIMCO Junction,133.37365041666666
FKID008133,unplanned,12.9846033,77.57156,0.0,0.0,"Hanumantaiah Colony Main Road, Old Mysore Road Junction, Seshadripuram, Bengaluru, Karnataka. Pin-560023 (India)",,vehicle_breakdown,False,2024-01-27 05:14:36.304+00,,resolved,no,2024-01-27 05:17:55.022065+00,,,Bus wheel jam near KFM junction PF road,bmtc_bus,FKN00GL4194,Non-corridor,Low,,,,2024-01-27 05:16:59.695618+00:00,,1,FKUSR00139,FKUSR00139,,,,Sheshadripuram,,FKKG000133,"Hanumantaiah Colony Main Road, Old Mysore Road Junction, Seshadripuram, Bengaluru, Karnataka. Pin-560023 (India)",12.9846033,77.57156,,,FKUSR00139,2024-01-27 05:17:55.021531+00:00,,,KrishnaFlourMill,0.92209855
